<?xml version="1.0" encoding="UTF-8"?>
<project-private xmlns="http://www.netbeans.org/ns/project-private/1">
    <editor-bookmarks xmlns="http://www.netbeans.org/ns/editor-bookmarks/2" lastBookmarkId="0"/>
    <open-files xmlns="http://www.netbeans.org/ns/projectui-open-files/2">
        <group>
            <file>file:/C:/Users/Fikri%20Maulana/Downloads/pertemuan%208/src/models/Admin.java</file>
            <file>file:/C:/Users/Fikri%20Maulana/Downloads/pertemuan%208/src/models/Anggota.java</file>
            <file>file:/C:/Users/Fikri%20Maulana/Downloads/pertemuan%208/src/models/Book.java</file>
            <file>file:/C:/Users/Fikri%20Maulana/Downloads/pertemuan%208/src/pertemuan_8/array/Pertemuan_8Array.java</file>
        </group>
    </open-files>
</project-private>
